คำนำหน้า,ชื่อ,นามสกุล,หน้าที่/ที่มา,บันทึกช่วยจำ
นาย,กฤดิทัช,แสงธนโยธิน,ใหม่,
นาย,อิทธิพร,บุญประคอง,กกต.,
นาย,แสวง,บุญมี,กกต.,
นาย,เลิศวิโรจน์,โกวัฒนะ,กกต.,
นาย,สันทัด,ศิริอนันต์ไพบูลย์,กกต.,
นาย,ปกรณ์,มหรรณพ,กกต.,
นาย,ฐิติเชฏฐ์,นุชนาฏ,กกต.,
นาย,ปรีดา,บุญเพลิง,ครูไทยเพื่อประชาชน,
นาย,ณัฐวุฒิ,ประเสริฐสุวรรณ,ชาติไทยพัฒนา,
นาย,นพดล,มาตรศรี,ชาติไทยพัฒนา,
นาย,ประภัตร,โพธสุธน,ชาติไทยพัฒนา,
นาย,พาณุวัฒณ์,สะสมทรัพย์,ชาติไทยพัฒนา,
นาย,วราวุธ,ศิลปอาชา,ชาติไทยพัฒนา,
นาย,ศุภโชค,ศรีสุขจร,ชาติไทยพัฒนา,
นาย,สรชัด,สุจิตต์,ชาติไทยพัฒนา,
นาย,เสมอกัน,เที่ยงธรรม,ชาติไทยพัฒนา,
นาย,อนุชา,สะสมทรัพย์,ชาติไทยพัฒนา,
นาย,อนุรักษ์,จุรีมาศ,ชาติไทยพัฒนา,
นาย,ประสาท,ตันประเสริฐ,ชาติพัฒนากล้า,
นาย,วรรณรัตน์,ชาญนุกูล,ชาติพัฒนากล้า,
นาย,วรวิทย์,กังศศิเทียม,ตุลาการศาลรัฐธรรมนูญ,
นาย,นครินทร์,เมฆไตรรัตน์,ตุลาการศาลรัฐธรรมนูญ,
นาย,จิรนิติ,หะวานนท์,ตุลาการศาลรัฐธรรมนูญ,
นาย,วิรุฬห์,แสงเทียน,ตุลาการศาลรัฐธรรมนูญ,
นาย,ปัญญา,อุชชาชน,ตุลาการศาลรัฐธรรมนูญ,
นาย,อุดม,สิทธิวอรัชธรรม,ตุลาการศาลรัฐธรรมนูญ,
นาย,อุดม,รัฐอมฤต,ตุลาการศาลรัฐธรรมนูญ,
นาย,บัญชา,เดชเจริญศิริกุล,ท้องที่ไทย,
นาย,วันมูหะมัดนอร์,มะทา,ประชาชาติ,
นาย,สุรทิน,พิจารณ์,ประชาธิปไตยใหม่,
นาย,กาญจน์,ตั้งปอง,ประชาธิปัตย์,
นาย,จักพันธ์,ปิยพรไพบูลย์,ประชาธิปัตย์,
นาย,จุรินทร์,ลักษณวิศิษฏ์,ประชาธิปัตย์,
นาย,ชวน,หลีกภัย,ประชาธิปัตย์,
นาย,ชัยชนะ,เดชเดโช,ประชาธิปัตย์,
นาย,ชาตรี,หล้าพรหม,ประชาธิปัตย์,
นาย,เดชอิศม์,ขาวทอง,ประชาธิปัตย์,
นาย,ทรงศักดิ์,มุสิกอง,ประชาธิปัตย์,
นาย,บัญญัติ,บรรทัดฐาน,ประชาธิปัตย์,
นาย,ประมวล,พงศ์ถาวราเดช,ประชาธิปัตย์,
นาย,พิทักษ์เดช,เดชเดโช,ประชาธิปัตย์,
ว่าที่ร้อยโท,ยุทธการ,รัตนมาศ,ประชาธิปัตย์,
นาย,ยูนัยดี,วาบา,ประชาธิปัตย์,
นาย,ร่มธรรม,ขานุรักษ์,ประชาธิปัตย์,
นาย,ราชิต,สุดพุ่ม,ประชาธิปัตย์,
นาย,วุฒิพงษ์,นามบุตร,ประชาธิปัตย์,
นาย,ศักดิ์สิทธิ์,ขาวทอง,ประชาธิปัตย์,
นาย,สมบัติ,ยะสินธุ์,ประชาธิปัตย์,
นาย,สมยศ,พลายด้วง,ประชาธิปัตย์,
นาย,สรรเพชญ,บุญญามณี,ประชาธิปัตย์,
นางสาว,สุณัฐชา,โล่สถาพรพิพิธ,ประชาธิปัตย์,
นาง,สุพัชรี,ธรรมเพชร,ประชาธิปัตย์,
นางสาว,สุภาพร,กำเนิดผล,ประชาธิปัตย์,
พลตำรวจตรี,สุรินทร์,ปาลาเร่,ประชาธิปัตย์,
นาง,อวยพรศรี,เชาวลิต,ประชาธิปัตย์,
นาย,กระแสร์,ตระกูลพรพงศ์,พลังประชารัฐ,
นางสาว,กาญจนา,จังหวะ,พลังประชารัฐ,
นาง,ขวัญเรือน,เทียนทอง,พลังประชารัฐ,
นาย,คอซีย์,มามุ,พลังประชารัฐ,
นาย,จตุพร,กมลพันธ์ทิพย์,พลังประชารัฐ,
นาย,จักรัตน์,พั้วช่วย,พลังประชารัฐ,
นาย,จำลอง,ภูนวนทา,พลังประชารัฐ,
นาย,จีรเดช,ศรีวิราช,พลังประชารัฐ,
นาย,ฉกาจ,พัฒนกิจวิบูลย์,พลังประชารัฐ,
นาย,ชนนพัฒฐ์,นาคสั้ว,พลังประชารัฐ,
นาย,ชัยทิพย์,กมลพันธ์ทิพย์,พลังประชารัฐ,
นาย,ชัยมงคล,ไชยรบ,พลังประชารัฐ,
นาย,โชติวุฒิ,ธนาคมานุสรณ์,พลังประชารัฐ,
นางสาว,ตรีนุช,เทียนทอง,พลังประชารัฐ,
นาย,ทวี,สุระบาล,พลังประชารัฐ,
นาย,ธรรมนัส,พรหมเผ่า,พลังประชารัฐ,
นาย,นเรศ,ธารงค์ทิพยคุณ,พลังประชารัฐ,
นาย,บุญชัย,กิตติธาราทรัพย์,พลังประชารัฐ,
นาง,บุญยิ่ง,นิติกาญจนา,พลังประชารัฐ,
นาย,ปกรณ์,จีนาคำ,พลังประชารัฐ,
พลเอก,ประวิตร,วงษ์สุวรรณ,พลังประชารัฐ,
นาย,ปริญญา,ฤกษ์หร่าย,พลังประชารัฐ,
นาย,ไผ่,ลิกค์,พลังประชารัฐ,
นางสาว,พิมพ์พร,พรพฤฒิพันธุ์,พลังประชารัฐ,
นาย,เพชรภูมิ,อาภรณ์รัตน์,พลังประชารัฐ,
นาย,ภาคภูมิ,บูลย์ประมุข,พลังประชารัฐ,
นาง,รัชนี,พลซื่อ,พลังประชารัฐ,
นาย,วรโชติ,สุคนธ์ขจร,พลังประชารัฐ,
นาง,วันเพ็ญ,พร้อมพัฒน์,พลังประชารัฐ,
นาย,วิริยะ,ทองผา,พลังประชารัฐ,
นาย,สะถิระ,เผือกประพันธุ์,พลังประชารัฐ,
นาย,สัมพันธ์,มะยูโซ๊ะ,พลังประชารัฐ,
นาย,สุธรรม,จริตงาม,พลังประชารัฐ,
นาย,องอาจ,วงษ์ประยูร,พลังประชารัฐ,
นาย,อนันต์,ผลอำนวย,พลังประชารัฐ,
นาย,อนุรัตน์,ตันบรรจง,พลังประชารัฐ,
นาย,อรรถกร,ศิริลัทธยากร,พลังประชารัฐ,
นาย,อัคร,ทองใจสด,พลังประชารัฐ,
นาย,อัครแสนคีรี,โล่ห์วีระ,พลังประชารัฐ,
นาย,อามินทร์,มะยูโซ๊ะ,พลังประชารัฐ,
นาย,กรวีร์,ปริศนานันทกุล,ภูมิใจไทย,
นาย,กิตติ,กิตติธรกุล,ภูมิใจไทย,
นาย,คงกฤษ,ฉัตรมาลีรัตน์,ภูมิใจไทย,
นาย,จักรกฤษณ์,ทองศรี,ภูมิใจไทย,
นาย,เจเศรษฐ์,ไทยเศรษฐ์,ภูมิใจไทย,
นาย,ชาดา,ไทยเศรษฐ์,ภูมิใจไทย,
นาย,ชูกัน,กุลวงษา,ภูมิใจไทย,
นาย,เชวงศักดิ์,เร่งไพบูลย์วงษ์,ภูมิใจไทย,
นาย,ไชยชนก,ชิดชอบ,ภูมิใจไทย,
นาย,ซาการียา,สะอิ,ภูมิใจไทย,
นาง,ญาณีนาถ,เข็มนาค,ภูมิใจไทย,
นาย,ณัฏฐ์ชนน,ศรีก่อเกื้อ,ภูมิใจไทย,
นางสาว,ตวงทิพย์,จินตะเวช,ภูมิใจไทย,
นาย,ไตรเทพ,งามกมล,ภูมิใจไทย,
นาย,ถิรเดช,ตั้งมั่นก่อกิจ,ภูมิใจไทย,
นาย,ทรงศักดิ์,ทองศรี,ภูมิใจไทย,
นาย,ธนพัฒน์,ศรีชนะ,ภูมิใจไทย,
นาย,ธนยศ,ทิมสุวรรณ,ภูมิใจไทย,
นาย,ธนา,กิจไพบูลย์ชัย,ภูมิใจไทย,
นาย,นรินทร์,คลังผา,ภูมิใจไทย,
นางสาว,แนน บุณย์ธิดา,สมชัย,ภูมิใจไทย,
นาย,ปกรณ์,มุ่งเจริญพร,ภูมิใจไทย,
นาง,ปทิดา,ตันติรัตนานนท์,ภูมิใจไทย,
นาย,ประดิษฐ์,สังขจาย,ภูมิใจไทย,
นางสาว,ประภา,เฮงไพบูลย์,ภูมิใจไทย,
นางสาว,ผกามาศ,เจริญพันธ์,ภูมิใจไทย,
นาย,พรชัย,ศรีสุริยันโยธิน,ภูมิใจไทย,
นาย,พลพีร์,สุวรรณฉวี,ภูมิใจไทย,
นาย,พิชัย,ชมภูพล,ภูมิใจไทย,
นาย,พิบูลย์,รัชกิจประการ,ภูมิใจไทย,
นางสาว,พิมพฤดา,ตันจรารักษ์,ภูมิใจไทย,
นาย,พีระเดช,ศิริวันสาณฑ์,ภูมิใจไทย,
นาย,ภราดร,ปริศนานันทกุล,ภูมิใจไทย,
นาย,ภัทรพงศ์,ภัทรประสิทธิ์,ภูมิใจไทย,
นาย,มณเฑียร,สงฆ์ประชา,ภูมิใจไทย,
นางสาว,มัลลิกา,จิระพันธุ์วาณิช,ภูมิใจไทย,
นาย,มานพ,ศรีผึ้ง,ภูมิใจไทย,
นาง,มุกดาวรรณ,เลื่องสีนิล,ภูมิใจไทย,
นาย,ยศวัฒน์,มาไพศาลสิน,ภูมิใจไทย,
นาย,รังสิกร,ทิมาตฤกะ,ภูมิใจไทย,
นาย,รุ่งโรจน์,ทองศรี,ภูมิใจไทย,
นาย,เรืองวิทย์,คูณวัฒนาพงษ์,ภูมิใจไทย,
นาย,ฤกษ์,อยู่ดี,ภูมิใจไทย,
นาย,ลัทธชัย,โชคชัยวัฒนากร,ภูมิใจไทย,
นาย,ล้ำเลิศ,พัวพัฒนโชติ,ภูมิใจไทย,
นาย,วรศิษฎ์,เลียงประสิทธิ์,ภูมิใจไทย,
นาย,วัชรพงศ์,คูวิจิตรสุวรรณ,ภูมิใจไทย,
นาย,วินัย,ภัทรประสิทธิ์์,ภูมิใจไทย,
นาย,ศักดิ์,ซารัมย์,ภูมิใจไทย,
นาย,ศักดิ์สยาม,ชิดชอบ,ภูมิใจไทย,
นาย,ศิริวัฒน์,ขจรประศาสน์,ภูมิใจไทย,
นาย,ษฐา,ขาวขำ,ภูมิใจไทย,
นาย,สนอง,เทพอักษรณรงค์,ภูมิใจไทย,
นาย,สยาม,เพ็งทอง,ภูมิใจไทย,
นาย,สฤษฏ์พงษ์,เกี่ยวข้อง,ภูมิใจไทย,
นาย,สฤษดิ์,บุตรเนียร,ภูมิใจไทย,
นาย,สังคม,แดงโชติ,ภูมิใจไทย,
นาย,สัมฤทธิ์,แทนทรัพย์,ภูมิใจไทย,
นาง,สุขสมรวย,วันทนียกุล,ภูมิใจไทย,
นาย,สุทธิชัย,จรูญเนตร,ภูมิใจไทย,
นาย,สุรศักดิ์,พันธ์เจริญวรกุล,ภูมิใจไทย,
นาย,สุวรรณา,กุมภิโร,ภูมิใจไทย,
นาย,โสภณ,ซารัมย์,ภูมิใจไทย,
นาย,องอาจ,ฉัตรชัยพลรัตน์,ภูมิใจไทย,
นาย,อดิพงษ์,ฐิติพิทยา,ภูมิใจไทย,
นาย,อนุทิน,ชาญวีรกูล,ภูมิใจไทย,
นาย,อรรถพล,ไตรศรี,ภูมิใจไทย,
นาย,อลงกต,มณีกาศ,ภูมิใจไทย,
นาย,อาสพลธ์,สรรณ์ไตรภพ,ภูมิใจไทย,
นาย,อำนาจ,วิลาวัลย์,ภูมิใจไทย,
นาย,เอกราช,ช่างเหลา,ภูมิใจไทย,
นางสาว,กานสินี,โอภาสรังสรรค์,รวมไทยสร้างชาติ,
นางสาว,กุลวลี,นพอมรบดี,รวมไทยสร้างชาติ,
นาย,เกรียงยศ,สุดลาภา,รวมไทยสร้างชาติ,
นาย,จิรวุฒิ,สิงห์โตทอง,รวมไทยสร้างชาติ,
นาย,จุติ,ไกรฤกษ์,รวมไทยสร้างชาติ,
หม่อมหลวง,ชโยทิต,กฤดากร,รวมไทยสร้างชาติ,
นาย,ชัชวาลล์,คงอุดม,รวมไทยสร้างชาติ,
นาย,ชัยวัฒน์,เป้าเปี่ยมทรัพย์,รวมไทยสร้างชาติ,
นาย,ดวงฤทธิ์ เบ็ญจาธิกุล,ชัยรุ่งเรือง,รวมไทยสร้างชาติ,
นาย,ถนอมพงศ์,หลีกภัย,รวมไทยสร้างชาติ,
นาย,ธนกร,วังบุญคงชนะ,รวมไทยสร้างชาติ,
นาย,ธานินท์,นวลวัฒน์,รวมไทยสร้างชาติ,
นาง,ธิวัลรัตน์,อังกินันทน์,รวมไทยสร้างชาติ,
นาย,นิติศักดิ์,ธรรมเพชร,รวมไทยสร้างชาติ,
นาย,ปรเมษฐ์,จินา,รวมไทยสร้างชาติ,
นาย,พงษ์มนู,ทองหนัก,รวมไทยสร้างชาติ,
นาย,พันธ์ศักดิ์,บุญแทน,รวมไทยสร้างชาติ,
นาง,พิชชารัตน์,เลาหพงศ์ชนะ,รวมไทยสร้างชาติ,
นาย,พิพิธ,รัตนรักษ์,รวมไทยสร้างชาติ,
นางสาว,พิมพ์ภัทรา,วิชัยกุล,รวมไทยสร้างชาติ,
นางสาว,วชิราภรณ์,กาญจนะ,รวมไทยสร้างชาติ,
นาย,วัชระ,ยาวอหะซัน,รวมไทยสร้างชาติ,
นาย,วิชัย,สุดสวาสดิ์,รวมไทยสร้างชาติ,
นาย,วิทยา,แก้วภราดัย,รวมไทยสร้างชาติ,
นาย,ศาสตรา,ศรีปาน,รวมไทยสร้างชาติ,
นาย,สัญญา,นิลสุพรรณ,รวมไทยสร้างชาติ,
นาย,สันต์,แซ่ตั้ง,รวมไทยสร้างชาติ,
พันโท,สินธพ,แก้วพิจิตร,รวมไทยสร้างชาติ,
นาย,สุชาติ,ชมกลิ่น,รวมไทยสร้างชาติ,
นาย,สุพล,จุลใส,รวมไทยสร้างชาติ,
นาย,สุพัฒนพงษ์,พันธ์มีเชาว์,รวมไทยสร้างชาติ,
นาย,อนุชา,นาคาศัย,รวมไทยสร้างชาติ,
นาย,อนุชา,บูรพชัยศรี,รวมไทยสร้างชาติ,
จ่าอากาศเอก,อภิชาติ,แก้วโกศล,รวมไทยสร้างชาติ,
นาย,อัครเดช,วงษ์พิทักษ์โรจน์,รวมไทยสร้างชาติ,
นาย,เอกนัฏ,พร้อมพันธุ์,รวมไทยสร้างชาติ,
นาย,กรรณภว์,ธนภรรคภวิน,ส.ว.,
พลตรี,กลชัย,สุวรรณบูรณ์,ส.ว.,
นาย,กล้านรงค์,จันทิก,ส.ว.,
นาย,กษิดิศ,อาชวคุณ,ส.ว.,
นาง,กอบกุล,อาภากร ณ อยุธยา,ส.ว.,
นาง,กาญจนารัตน์,ลีวิโรจน์,ส.ว.,
นาย,กำพล,เลิศเกียรติดำรงค์,ส.ว.,
นาย,กิตติ,วะสีนนท์,ส.ว.,
นาย,กิตติศักดิ์,รัตนวราหะ,ส.ว.,
นาย,กูรดิสถ์,จันทร์ศรีชวาลา,ส.ว.,
นาย,เกียว,แก้วสุทอ,ส.ว.,
นาย,ขวัญชาติ,วงศ์ศุภรานันต์,ส.ว.,
นาย,คำนูณ,สิทธิสมาน,ส.ว.,
นาย,จเด็จ,อินสว่าง,ส.ว.,
นาย,จรินทร์,จักกะพาก,ส.ว.,
พลโท,จเรศักณิ์,อานุภาพ,ส.ว.,
นาย,จัตุรงค์,เสริมสุข,ส.ว.,
นาง,จินตนา,ชัยยวรรณาการ,ส.ว.,
นาย,จิรชัย,มูลทองโร่ย,ส.ว.,
นาง,จิรดา,สงฆ์ประชา,ส.ว.,
พลเอก,จิรพงศ์,วรรณรัตน์,ส.ว.,
พลเอก,จีระศักดิ์,ชมประสพ,ส.ว.,
นายแพทย์,เจตน์,ศิรธรานนท์,ส.ว.,
นาย,เจน,นำชัยศิริ,ส.ว.,
นาง,ฉวีรัตน์,เกษตรสุนทร,ส.ว.,
พลเอก,ฉัตรเฉลิม,เฉลิมสุข,ส.ว.,
พลเอก,ฉัตรชัย,สาริกัลยะ,ส.ว.,
พลอากาศตรี นายแพทย์,เฉลิมชัย,เครืองาม,ส.ว.,
นาย,เฉลิมชัย,เฟื่องคอน,ส.ว.,
ผู้ช่วยศาสตราจารย์ นายแพทย์,เฉลิมชัย,บุญยะลีพรรณ,ส.ว.,
พลเอก,เฉลิมพล,ศรีสวัสดิ์,ส.ว.,
นาย,เฉลียว,เกาะแก้ว,ส.ว.,
พลเอก,ชยุติ,สุวรรณมาศ,ส.ว.,
นาย,ชลิต,แก้วจินดา,ส.ว.,
พลตำรวจเอก,ชัชวาลย์,สุขสมจิตร์,ส.ว.,
พลเรือเอก,ชัยวัฒน์,เอี่ยมสมุทร,ส.ว.,
นาย,ชาญวิทย์,ผลชีวิน,ส.ว.,
พลเอก,ชาตอุดม,ติตถะสิริ,ส.ว.,
พลเอก,ชูศักดิ์,เมฆสุวรรณ์,ส.ว.,
พลเอก,เชวงศักดิ์,ทองสลวย,ส.ว.,
พลเรือเอก,เชิงชาย,ชมเชิงแพทย์,ส.ว.,
ว่าที่ร้อยตรี,เชิดศักดิ์,จำปาเทศ,ส.ว.,
นาย,เชิดศักดิ์,สันติวรวุฒิ,ส.ว.,
พลเรือเอก,ฐนิธ,กิตติอำพน,ส.ว.,
พลเรือเอก,ณรงค์,พิพัฒนาศัย,ส.ว.,
นาย,ณรงค์,รัตนานุกูล,ส.ว.,
นาย,ณรงค์,สหเมธาพัฒน์,ส.ว.,
นาย,ณรงค์,อ่อนสอาด,ส.ว.,
พลเอก,ณรงค์พันธ์,จิตต์แก้วแท้,ส.ว.,
พลเอก,ดนัย,มีชูเวท,ส.ว.,
นาง,ดวงพร,รอดพยาธื์,ส.ว.,
นางสาว,ดาวน้อย,สุทธินิภาพันธ์,ส.ว.,
พลตำรวจเอก,ดำรงศักดิ์,กิตติประภัสร์,ส.ว.,
นาย,ดิเรกฤทธิ์,เจนครองธรรม,ส.ว.,
นาย,ดุสิต,เขมะศักดิ์ชัย,ส.ว.,
พลตำรวจเอก,เดชณรงค์,สุทธิชาญบัญชา,ส.ว.,
พลตำรวจโท,ตรีทศ,รณฤทธิวิชัย,ส.ว.,
พลอากาศเอก,ตรีทศ,สนแจ้ง,ส.ว.,
นาย,ตวง,อันทะไชย,ส.ว.,
พลเอก,ไตรโรจน์,ครุธเวโช,ส.ว.,
นาย,ถนัด,มานะพันธ์ุนิยม,ส.ว.,
นาย,ถวิล,เปลี่ยนศรี,ส.ว.,
นาย,ถาวร,เทพวิมลเพชรกุล,ส.ว.,
พลอากาศเอก,ถาวร,มณีพฤกษ์,ส.ว.,
นาย,ทรงเดช,เสมอคำ,ส.ว.,
พลเอก,ทวีป,เนตรนิยม,ส.ว.,
นายแพทย์,ทวีวงษ์,จุลกมนตรี,ส.ว.,
นาง,ทัศนา,ยุวานนท์,ส.ว.,
ร้อยเอก,ทินพันธุ์,นาคะตะ,ส.ว.,
พลเอก,เทพพงศ์,ทิพยจันทร์,ส.ว.,
พลเอก,ธงชัย,สาระสุข,ส.ว.,
พลเอก,ธนะศักดิ์,ปฏิมาประกร,ส.ว.,
พลเอก,ธวัชชัย,สมุทรสาคร,ส.ว.,
นาย,ธานี,สุโชดายน,ส.ว.,
นาย,ธานี,อ่อนละเอียด,ส.ว.,
พลเอก,ธีรเดช,มีเพียร,ส.ว.,
พลเอก,นพดล,อินทปัญญา,ส.ว.,
พลเรือเอก,นพดล,โชคระดา,ส.ว.,
พลเอก,นาวิน,ดำริกาญจน์,ส.ว.,
นาย,นิพนธ์,นาคสมภพ,ส.ว.,
พลเอก,นิวัตร,มีนะโยธิน,ส.ว.,
ศาสตราจารย์,นิสดารก์,เวชยานนท์,ส.ว.,
นาย,นิอาแซ,ซีอุเซ็ง,ส.ว.,
นาย,เนาวรัตน์,พงษ์ไพบูลย์,ส.ว.,
นาย,บรรชา,พงศ์อายุกูล,ส.ว.,
พลเอก,บุญธรรม,โอริส,ส.ว.,
นาย,บุญมี,สุระโคตร,ส.ว.,
ผู้ช่วยศาสตราจารย์,บุญส่ง,ไข่เกษ,ส.ว.,
พลเอก,บุญสร้าง,เนียมประดิษฐ์,ส.ว.,
นาง,เบญจรัตน์,จริยธาราสิทธิ์,ส.ว.,
หม่อมหลวง,ปนัดดา,ดิศกุล,ส.ว.,
พลอากาศเอก,ประจิน,จั่นตอง,ส.ว.,
นาย,ประดิษฐ์,เหลืองอร่าม,ส.ว.,
นาย,ประพันธ์,คูณมี,ส.ว.,
นาย,ประมนต์,สุธีวงศ์,ส.ว.,
นาย,ประมาณ,สว่างญาติ,ส.ว.,
ร้อยเอก,ประยุทธ,เสาวคนธ์,ส.ว.,
นาง,ประยูร,เหล่าสายเชื้อ,ส.ว.,
พลเอก,ประสาท,สุขเกษตร,ส.ว.,
นาย,ประสิทธิ์,ปทุมารักษ์,ส.ว.,
รองศาสตราจารย์,ประเสริฐ,ปิ่นปฐมรัฐ,ส.ว.,
พลตำรวจตรี,ปรัชญ์ชัย,ใจชาญสุขกิจ,ส.ว.,
พลเอก,ปรีชา,จันทร์โอชา,ส.ว.,
นาย,ปรีชา,บัววิรัตน์เลิศ,ส.ว.,
นาย,ปัญญา,งานเลิศ,ส.ว.,
พลเอก,ปัฐมพงศ์,ประถมภัฏ,ส.ว.,
นาย,ปานเทพ,กล้าณรงค์ราญ,ส.ว.,
นางสาว,ปิยฉัฏฐ์,วันเฉลิม,ส.ว.,
นาย,ปิยพันธุ์,นิมมานเหมินท์,ส.ว.,
พลเอก,โปฎก,บุนนาค,ส.ว.,
นาง,ผาณิต,นิติทัณฑ์ประภาศ,ส.ว.,
แพทย์หญิง คุณหญิง,พรทิพย์,โรจนสุนันท์,ส.ว.,
ศาสตราจารย์พิเศษ,พรเพชร,วิชิตชลชัย,ส.ว.,
นายแพทย์,พลเดช,ปิ่นประทีป,ส.ว.,
พลเอก,พหล,สง่าเนตร,ส.ว.,
พลเรือเอก,พะจุณณ์,ตามประทีป,ส.ว.,
พลเรือเอก,พัลลภ,ตมิศานนท์,ส.ว.,
นาง,พิกุลแก้ว,ไกรฤกษ์,ส.ว.,
นาย,พิทักษ์,ไชยเจริญ,ส.ว.,
พลเอก,พิศณุ,พุทธวงศ์,ส.ว.,
พลตำรวจโท,พิสัณห์,จุลดิลก,ส.ว.,
พลเอก,พิสิทธิ์,สิทธิสาร,ส.ว.,
นาง,เพ็ญพักตร์,ศรีทอง,ส.ว.,
พลเอก,ไพชยนต์,ค้าทันเจริญ,ส.ว.,
นาย,ไพฑูรย์,หลิมวัฒนา,ส.ว.,
พลเอก,ไพโรจน์,พานิชสมัย,ส.ว.,
นาย,ไพโรจน์,พ่วงทอง,ส.ว.,
นางสาว,ภัทรา,วรามิตร,ส.ว.,
นาย,ภาณุ,อุทัยรัตน์,ส.ว.,
นาย,มหรรณพ,เดชวิทักษ์,ส.ว.,
พลเอก,มารุต,ปัชโชตะสิงห์,ส.ว.,
พันตำรวจตรี,ยงยุทธ,สาระสมบัติ,ส.ว.,
พลเอก,ยอดยุทธ,บุญญาธิการ,ส.ว.,
พันตำรวจเอก,ยุทธกร,วงเวียน,ส.ว.,
นาย,ยุทธนา,ทัพเจริญ,ส.ว.,
นาย,รณวริทธิ์,ปริยฉัตรตระกูล,ส.ว.,
นาย,ลักษณ์,วจนานวัช,ส.ว.,
พลเอก,เลิศรัตน์,รัตนวานิช,ส.ว.,
พลเอก,เลิศฤทธิ์,เวชสวรรค์,ส.ว.,
ว่าที่ร้อยตรี,วงศ์สยาม,เพ็งพานิชภักดี,ส.ว.,
พลเอก,วรพงษ์,สง่าเนตร,ส.ว.,
นาง,วรารัตน์,อติแพทย์,ส.ว.,
พลเอก,วราห์,บุญญะสิทธิ์,ส.ว.,
พลเอก,วลิต,โรจนภักดี,ส.ว.,
พลเอก,วสันต์,สุริยมงคล,ส.ว.,
พลเอก,วัฒนา,สรรพานิช,ส.ว.,
นาย,วัลลภ,ตังคณานุรักษ์,ส.ว.,
นาย,วิชัย,ทิตตภักดี,ส.ว.,
พลเอก,วิชิต,ยาทิพย์,ส.ว.,
นาย,วิทยา,ผิวผ่อง,ส.ว.,
พลเอก,วินัย,สร้างสุขดี,ส.ว.,
พลตำรวจโท,วิบูลย์,บางท่าไม้,ส.ว.,
นางสาว,วิบูลย์ลักษณ์,ร่วมรักษ์,ส.ว.,
นาย,วิรัตน์,เกสสมบูรณ์,ส.ว.,
นางสาว,วิไลลักษณ์,อรินทมะพงษ์,ส.ว.,
นาย,วิวรรธน์,แสงสุริยะฉัตร,ส.ว.,
นาย,วีระศักดิ์,ฟูตระกูล,ส.ว.,
นาย,วีระศักดิ์,โควสุรัตน์,ส.ว.,
นาย,วีระศักดิ์,ภูครองหิน,ส.ว.,
พลเอก,วีรัณ,ฉันทศาสตร์โกศล,ส.ว.,
นาย,ศรีศักดิ์,วัฒนพรมงคล,ส.ว.,
นาย,ศักดิ์ชัย,ธนบุญชัย,ส.ว.,
รองศาสตราจารย์,ศักดิ์ไทย,สุรกิจบวร,ส.ว.,
พลเรือเอก,ศักดิ์สิทธิ์,เชิดบุญเมือง,ส.ว.,
พลตำรวจโท,ศานิตย์,มหถาวร,ส.ว.,
นาง,ศิรินา,ปวโรฬารวิทยา,ส.ว.,
พลเรือเอก,ศิษฐวัชร,วงษ์สุวรรณ,ส.ว.,
นาย,ศุภชัย,สมเจริญ,ส.ว.,
พลเอก,ศุภรัตน์,พัฒนาวิสุทธิ์,ส.ว.,
พลเอก,สกนธ์,สัจจานิตย์,ส.ว.,
นายแพทย์ หม่อมหลวง,สกุล,มาลากุล,ส.ว.,
นาย,สถิตย์,ลิ่มพงศ์พันธุ์,ส.ว.,
พลเรือโท,สนธยา,น้อยฉายา,ส.ว.,
พลเอก,สนธยา,ศรีเจริญ,ส.ว.,
พลเอก,สนั่น,มะเริงสิทธิ์,ส.ว.,
พลเอก,สนิธชนก,สังขจันทร์,ส.ว.,
ศาสตราจารย์พิเศษ,สม,จาตุศรีพิทักษ์,ส.ว.,
พลเอก,สมเจตน์,บุญถนอม,ส.ว.,
นาย,สมชาย,ชาญณรงค์กุล,ส.ว.,
นาย,สมชาย,หาญหิรัญ,ส.ว.,
นาย,สมชาย,เสียงหลาย,ส.ว.,
นาย,สมชาย,แสวงการ,ส.ว.,
นาย,สมเดช,นิลพันธุ์,ส.ว.,
พลตำรวจโท,สมบัติ,มิลินทจินดา,ส.ว.,
นาย,สมบูรณ์,งามลักษณ์,ส.ว.,
นาย,สมพล,เกียรติไพบูลย์,ส.ว.,
พลเอก,สมศักดิ์,นิลบรรเจิดกุล,ส.ว.,
นาย,สมศักดิ์,โชติรัตนะศิริ,ส.ว.,
พลเอก,สมหมาย,เกาฏีระ,ส.ว.,
พลตำรวจโท,สมหมาย,กองวิสัยสุข,ส.ว.,
พลเอก,สราวุฒิ,ชลออยู่,ส.ว.,
นาย,สวัสดิ์,สมัครพงศ์,ส.ว.,
พลเอก,สสิน,ทองภักดี,ส.ว.,
นาย,สังศิต,พิริยะรังสรรค์,ส.ว.,
นาย,สัญชัย,จุลมนต์,ส.ว.,
นาย,สาธิต,เหล่าสุวรรณ,ส.ว.,
นาย,สำราญ,ครรชิต,ส.ว.,
พลเอก,สำเริง,ศิวาดำรงค์,ส.ว.,
พลเอก,สิงห์ศึก,สิงห์ไพร,ส.ว.,
พลอากาศเอก,สุจินต์,แช่มช้อย,ส.ว.,
นาย,สุชัย,บุตรสาระ,ส.ว.,
นายกองเอก,สุธี,มากบุญ,ส.ว.,
นาง,สุนี,จึงวิโรจน์,ส.ว.,
นาย,สุรชัย,เลี้ยงบุญเลิศชัย,ส.ว.,
พลเอก,สุรเชษฐ์,ชัยวงศ์,ส.ว.,
พลเอก,สุรพงษ์,สุวรรณอัตถ์,ส.ว.,
พลเอก,สุรศักดิ์,กาญจนรัตน์,ส.ว.,
นาย,สุรสิทธิ์,ตรีทอง,ส.ว.,
นาย,สุวพันธ์ุ,ตันยุวรรธนะ,ส.ว.,
นาย,สุวรรณ,เลิศปัญญาโรจน์,ส.ว.,
นาง,สุวรรณี,สิริเวชชะพันธ์,ส.ว.,
นาย,สุวัฒน์,จิราพันธุ์,ส.ว.,
นาย,เสรี,สุวรรณภานนท์,ส.ว.,
พลเอก,อกนิษฐ์,หมื่นสวัสดิ์,ส.ว.,
พลอากาศเอก,อดิศักดิ์,กลั่นเสนาะ,ส.ว.,
พลตำรวจเอก,อดุลย์,แสงสิงแก้ว,ส.ว.,
พลเอก,อนันตพร,กาญจนรัตน์,ส.ว.,
นาย,อนุพร,อรุณรัตน์,ส.ว.,
นาย,อนุศักดิ์,คงมาลัย,ส.ว.,
นาย,อนุศาสน์,สุวรรณมงคล,ส.ว.,
นาย,อนุสิษฐ,คุณากร,ส.ว.,
นาย,อภิชาติ,โตดิลกเวชช์,ส.ว.,
นาง,อภิรดี,ตันตราภรณ์,ส.ว.,
นาย,อมร,นิลเปรม,ส.ว.,
พลอากาศเอก,อลงกรณ์,วัณณรถ,ส.ว.,
นาย,ออน,กาจกระโทก,ส.ว.,
พลเอก,อักษรา,เกิดผล,ส.ว.,
นาย,อับดุลฮาลิม,มินซาร์,ส.ว.,
พลเอก,อาชาไนย,ศรีสุข,ส.ว.,
พลโท,อำพน,ชูประทุม,ส.ว.,
พลเรือเอก,อิทธิคมน์,ภมรสูต,ส.ว.,
นาย,อุดม,วรัญญูรัฐ,ส.ว.,
พลเอก,อุดมชัย,ธรรมสาโรรัชต์,ส.ว.,
นาย,อุปกิต,ปาจรียางกูร,ส.ว.,
พลเอก,อู้ด,เบื้องบน,ส.ว.,
พลตรี,โอสถ,ภาวิไล,ส.ว.,
